// Questionario de treino para Avaliacao C1 - REDES INDUSTRIAIS E LIOT,,,,
// Arquivo em formato compativel com Sample_Question_Import_UTF8.csv,,,,
,,,,
NewQuestion,MC,,,
ID,REDES-C1-EXC-001,,,
Title,IIoT Edge Computing e Industria 4.0 - prova,,,
QuestionText,"Avalie as afirmações abaixo sobre IIoT, Edge Computing e Indústria 4.0 e marque (V) para Verdadeiro ou (F) para Falso:<br><br>A Internet Industrial das Coisas (IIoT) utiliza sensores, máquinas e dispositivos conectados para coletar dados em tempo real, permitindo monitoramento, análise e apoio à tomada de decisão no ambiente industrial.<br><br>Edge Computing centraliza todo o processamento de dados em um único servidor distante da fábrica, aumentando a latência para garantir maior segurança na comunicação.<br><br>Na trajetória de maturidade da Indústria 4.0, a conectividade representa a etapa em que máquinas e componentes deixam de operar isoladamente e passam a trocar dados de forma padronizada.<br><br>A adaptabilidade é uma etapa associada à capacidade de automatizar ações e permitir que sistemas tomem decisões com base em inteligência e análise do ambiente produtivo.",,,
Points,1,,,
Difficulty,3,,,
Option,100,"V, F, V, V",,"Correto. IIoT coleta dados industriais em tempo real, Edge Computing aproxima o processamento da borda, conectividade integra máquinas e adaptabilidade permite automação de decisões."
Option,0,"V, V, F, V",,"Incorreto. Edge Computing não centraliza o processamento em servidor distante; ela descentraliza e aproxima o processamento dos dispositivos."
Option,0,"F, F, V, V",,"Incorreto. A primeira afirmação está correta: IIoT usa dispositivos conectados para monitoramento e análise no ambiente industrial."
Option,0,"V, F, F, F",,"Incorreto. Conectividade e adaptabilidade foram descritas corretamente nas afirmações apresentadas."
Feedback,"A sequência correta é V, F, V, V.",,,
,,,,
NewQuestion,MC,,,
ID,REDES-C1-EXC-002,,,
Title,IIoT Edge Computing e Industria 4.0 - treino,,,
QuestionText,"Avalie as afirmações abaixo sobre IIoT, Edge Computing e maturidade para Indústria 4.0 e marque (V) para Verdadeiro ou (F) para Falso:<br><br>Dispositivos IIoT podem coletar dados diretamente do chão de fábrica e enviá-los para análise, monitoramento e tomada de decisão.<br><br>Edge Computing busca reduzir a latência ao aproximar parte do processamento dos equipamentos e sensores industriais.<br><br>A etapa de visibilidade ocorre antes da coleta de dados por sensores e não depende de registros em tempo real.<br><br>A capacidade preditiva permite antecipar eventos e reduzir impactos negativos, como paradas inesperadas de máquinas.",,,
Points,1,,,
Difficulty,3,,,
Option,100,"V, V, F, V",,"Correto. IIoT coleta dados, Edge reduz latência, visibilidade depende de dados/sensores e a capacidade preditiva antecipa eventos."
Option,0,"V, F, F, V",,"Incorreto. Edge Computing aproxima o processamento da borda para reduzir latência."
Option,0,"F, V, V, F",,"Incorreto. IIoT coleta dados industriais e capacidade preditiva ajuda a antecipar problemas."
Option,0,"V, V, V, F",,"Incorreto. A visibilidade depende da captura de dados ao longo da cadeia, e a capacidade preditiva foi descrita corretamente."
Feedback,"A sequência correta é V, V, F, V.",,,
,,,,
NewQuestion,MC,,,
ID,REDES-C1-EXC-003,,,
Title,Modelos OSI e TCP IP - prova,,,
QuestionText,"A estruturação da comunicação em redes por camadas facilita a análise de sistemas complexos. Sobre os modelos OSI e TCP/IP, assinale a alternativa CORRETA:",,,
Points,1,,,
Difficulty,3,,,
Option,0,"O modelo TCP/IP possui sete camadas exatamente iguais às do modelo OSI, incluindo as camadas de Sessão e Apresentação como camadas independentes.",,"Incorreto. O modelo TCP/IP não possui exatamente as mesmas sete camadas do modelo OSI."
Option,100,"A camada de Aplicação do TCP/IP inclui protocolos como HTTP, FTP, Telnet e DNS, que fornecem serviços diretamente utilizados por aplicações.",,"Correto. HTTP, FTP, Telnet e DNS são exemplos de protocolos de aplicação."
Option,0,"A camada Física do modelo OSI é responsável por definir os métodos HTTP, como GET, POST, PUT e DELETE.",,"Incorreto. Métodos HTTP pertencem à camada de aplicação."
Option,0,"O protocolo IP atua na camada de Transporte e garante, sozinho, a entrega confiável e ordenada de todos os dados.",,"Incorreto. IP atua na camada de Internet/Rede e não garante entrega confiável e ordenada."
Feedback,"A alternativa correta é a que associa a camada de Aplicação do TCP/IP a protocolos como HTTP, FTP, Telnet e DNS.",,,
,,,,
NewQuestion,MC,,,
ID,REDES-C1-EXC-004,,,
Title,Modelos OSI e TCP IP - treino,,,
QuestionText,"Sobre os modelos OSI e TCP/IP e o processo de comunicação em camadas, assinale a alternativa CORRETA:",,,
Points,1,,,
Difficulty,3,,,
Option,100,"No modelo TCP/IP, a camada de Internet está associada ao protocolo IP e ao encaminhamento de pacotes entre redes.",,"Correto. IP é o principal protocolo da camada de Internet do TCP/IP."
Option,0,"No modelo OSI, a camada de Aplicação é responsável por transmitir sinais elétricos no cabo de rede.",,"Incorreto. Transmissão de sinais é função da camada Física."
Option,0,"TCP e UDP são protocolos da camada Física, pois controlam diretamente o meio de transmissão.",,"Incorreto. TCP e UDP pertencem à camada de Transporte."
Option,0,"Ethernet é um protocolo exclusivo da camada de Aplicação usado para páginas Web.",,"Incorreto. Ethernet está associada às camadas de Enlace/Física, não à aplicação Web."
Feedback,"A alternativa correta identifica IP como protocolo da camada de Internet do modelo TCP/IP.",,,
,,,,
NewQuestion,M,,,
ID,REDES-C1-EXC-005,,,
Title,Elementos de rede - prova,,,
QuestionText,"Relacione os elementos de rede com suas respectivas funções ou características técnicas:",,,
Points,1,,,
Difficulty,3,,,
Scoring,EquallyWeighted,,,
Choice,1,Switch,,
Choice,2,Roteador,,
Choice,3,TCP,,
Choice,4,HTTP,,
Match,4,"Protocolo da camada de Aplicação utilizado em comunicações cliente-servidor na Web, com requisições e respostas.",,
Match,2,"Equipamento associado à interligação de redes diferentes, atuando com endereçamento IP.",,
Match,3,"Protocolo de Transporte orientado à conexão, utilizado por várias aplicações para comunicação confiável.",,
Match,1,"Equipamento associado à rede local, operando principalmente com endereços MAC na camada de Enlace.",,
Feedback,"A relação correta é HTTP, Roteador, TCP e Switch.",,,
,,,,
NewQuestion,M,,,
ID,REDES-C1-EXC-006,,,
Title,Elementos de rede - treino,,,
QuestionText,"Relacione cada protocolo ou elemento de rede com sua função principal:",,,
Points,1,,,
Difficulty,3,,,
Scoring,EquallyWeighted,,,
Choice,1,IP,,
Choice,2,UDP,,
Choice,3,Ethernet,,
Choice,4,DNS,,
Match,4,"Serviço/protocolo usado para associar nomes de domínio a endereços utilizados na rede.",,
Match,1,"Protocolo associado ao endereçamento e ao encaminhamento de pacotes entre redes.",,
Match,3,"Tecnologia/protocolo associado à comunicação em redes locais, quadros e endereços MAC.",,
Match,2,"Protocolo de transporte sem conexão, usado quando a aplicação não exige o mesmo controle de confiabilidade do TCP.",,
Feedback,"DNS resolve nomes, IP endereça e encaminha pacotes, Ethernet atua na rede local e UDP é transporte sem conexão.",,,
,,,,
NewQuestion,MC,,,
ID,REDES-C1-EXC-007,,,
Title,Funcionamento do HTTP - prova,,,
QuestionText,"Sobre o funcionamento do protocolo HTTP, marque a alternativa INCORRETA:",,,
Points,1,,,
Difficulty,3,,,
Option,0,"O HTTP opera na camada de Aplicação e normalmente utiliza TCP como protocolo de transporte.",,"Incorreto como resposta, pois a afirmação é verdadeira."
Option,0,"O HTTP segue um modelo cliente-servidor, no qual o cliente envia requisições e o servidor retorna respostas.",,"Incorreto como resposta, pois a afirmação é verdadeira."
Option,0,"O HTTP é considerado stateless, ou seja, cada requisição é tratada de forma independente, embora aplicações possam usar mecanismos como sessão para manter estado.",,"Incorreto como resposta, pois a afirmação é verdadeira."
Option,100,"O HTTP criptografa obrigatoriamente todos os dados enviados no corpo da requisição, inclusive quando usado sem HTTPS.",,"Correto. Esta é a alternativa incorreta, pois HTTP sem HTTPS não criptografa obrigatoriamente os dados."
Feedback,"A alternativa incorreta é a que afirma que HTTP criptografa obrigatoriamente os dados mesmo sem HTTPS.",,,
,,,,
NewQuestion,MC,,,
ID,REDES-C1-EXC-008,,,
Title,Funcionamento do HTTP - treino,,,
QuestionText,"Sobre HTTP, TCP/IP e comunicação cliente-servidor, marque a alternativa INCORRETA:",,,
Points,1,,,
Difficulty,3,,,
Option,0,"Uma requisição HTTP pode ser enviada por um navegador para solicitar um recurso a um servidor Web.",,"Incorreto como resposta, pois a afirmação é verdadeira."
Option,0,"Uma resposta HTTP normalmente inclui um código de status que indica o resultado da requisição.",,"Incorreto como resposta, pois a afirmação é verdadeira."
Option,100,"Por ser stateless, o HTTP impede completamente qualquer aplicação Web de manter informações de sessão de usuários.",,"Correto. Esta é a alternativa incorreta; aplicações podem usar sessões, cookies ou tokens para manter estado."
Option,0,"O HTTP define padrões para requisições e respostas na camada de aplicação.",,"Incorreto como resposta, pois a afirmação é verdadeira."
Feedback,"HTTP é stateless no protocolo, mas aplicações podem manter estado usando mecanismos adicionais.",,,
,,,,
NewQuestion,M,,,
ID,REDES-C1-EXC-009,,,
Title,Metodos HTTP - prova,,,
QuestionText,"Relacione os métodos HTTP com o uso mais adequado em uma API REST simples:",,,
Points,1,,,
Difficulty,3,,,
Scoring,EquallyWeighted,,,
Choice,1,GET,,
Choice,2,POST,,
Choice,3,PUT,,
Choice,4,DELETE,,
Choice,5,PATCH,,
Match,5,"Aplicar uma modificação parcial em um recurso existente.",,
Match,4,"Remover um recurso específico.",,
Match,1,"Obter dados de um recurso sem alterar o estado do servidor.",,
Match,2,"Submeter dados a um recurso, frequentemente causando mudança no servidor.",,
Match,3,"Substituir completamente a representação de um recurso existente.",,
Feedback,"A relação correta é PATCH, DELETE, GET, POST e PUT.",,,
,,,,
NewQuestion,M,,,
ID,REDES-C1-EXC-010,,,
Title,Metodos HTTP - treino,,,
QuestionText,"Relacione cada operação de uma API REST ao método HTTP mais adequado:",,,
Points,1,,,
Difficulty,3,,,
Scoring,EquallyWeighted,,,
Choice,1,GET,,
Choice,2,POST,,
Choice,3,PUT,,
Choice,4,DELETE,,
Choice,5,PATCH,,
Match,1,"Consultar a lista de produtos cadastrados sem modificar os dados do servidor.",,
Match,2,"Enviar os dados de um novo cadastro para processamento pelo servidor.",,
Match,3,"Enviar uma nova representação completa de um produto já existente.",,
Match,5,"Alterar apenas o preço de um produto, preservando os demais campos.",,
Match,4,"Excluir um produto específico identificado por sua URI.",,
Feedback,"GET consulta, POST submete/cria, PUT substitui, PATCH altera parcialmente e DELETE remove.",,,
,,,,
NewQuestion,MC,,,
ID,REDES-C1-EXC-011,,,
Title,HTTP REST JSON e status - prova,,,
QuestionText,"Em uma aplicação Web, um navegador precisa consultar os dados de um usuário e, em outro momento, atualizar parcialmente o e-mail desse mesmo usuário. Considere o recurso representado pela URI /users/10.<br><br>Com base no protocolo HTTP e nas boas práticas vistas em aula, responda:<br><br>a) Qual método HTTP deve ser utilizado para consultar os dados de /users/10? Justifique por que esse método é adequado.<br><br>b) Qual método HTTP deve ser utilizado para atualizar apenas o campo email desse usuário? Justifique por que esse método é mais adequado do que substituir o recurso inteiro.<br><br>c) Escreva um exemplo simples de corpo JSON para a atualização do e-mail.<br><br>d) Indique um código de status HTTP adequado para uma resposta de sucesso e um código adequado caso o usuário não seja encontrado.",,,
Points,2,,,
Difficulty,4,,,
Option,100,"GET /users/10 para consultar; PATCH /users/10 para atualizar parcialmente; corpo JSON como {\"email\":\"novo.email@exemplo.com\"}; sucesso 200 OK ou 204 No Content; erro 404 Not Found.",,"Correto. GET consulta, PATCH altera parcialmente, JSON transporta o campo alterado e 404 indica recurso não encontrado."
Option,0,"POST /users/10 para consultar; DELETE /users/10 para atualizar; corpo JSON como {\"email\":\"novo.email@exemplo.com\"}; sucesso 500; erro 200.",,"Incorreto. POST não é usado para consulta, DELETE remove recurso e os códigos de status estão invertidos/inadequados."
Option,0,"PUT /users/10 para consultar; GET /users/10 para atualizar parcialmente; sem corpo JSON; sucesso 404; erro 204.",,"Incorreto. GET consulta, não atualiza; PUT não é método de consulta e 404 não é sucesso."
Option,0,"PATCH /users/10 para consultar; GET /users/10 para alterar e-mail pela URI; sucesso 400; erro 100.",,"Incorreto. PATCH não é usado para consulta e GET não deve alterar estado do servidor."
Feedback,"A resposta correta usa GET para leitura, PATCH para atualização parcial, JSON no corpo da alteração e status 200/204 para sucesso e 404 para não encontrado.",,,
,,,,
NewQuestion,MC,,,
ID,REDES-C1-EXC-012,,,
Title,HTTP REST JSON e status - treino,,,
QuestionText,"Em uma aplicação Web, um cliente precisa consultar os dados de um produto e, em outro momento, atualizar parcialmente apenas a descrição desse produto. Considere o recurso representado pela URI /products/25.<br><br>Com base no protocolo HTTP e nas boas práticas vistas em aula, selecione a alternativa que apresenta os métodos, corpo JSON e códigos de status mais adequados.",,,
Points,2,,,
Difficulty,4,,,
Option,100,"GET /products/25 para consultar; PATCH /products/25 para atualizar parcialmente; corpo JSON como {\"description\":\"Nova descrição do produto\"}; sucesso 200 OK ou 204 No Content; erro 404 Not Found.",,"Correto. GET consulta, PATCH modifica parcialmente e 404 indica que o produto não foi encontrado."
Option,0,"DELETE /products/25 para consultar; POST /products/25 para remover descrição; corpo JSON vazio; sucesso 404; erro 200.",,"Incorreto. DELETE remove recurso e os códigos de status estão inadequados."
Option,0,"GET /products/25 para atualizar parcialmente; PATCH /products/25 para consultar; corpo JSON como {\"description\":\"Nova descrição\"}; sucesso 500; erro 204.",,"Incorreto. GET não altera estado e PATCH não é usado para consulta."
Option,0,"PUT /products/25 para consultar; GET /products/25 para alterar descrição pela URL; sucesso 400; erro 100.",,"Incorreto. PUT não é consulta e GET não deve ser usado para atualização de dados."
Feedback,"A operação de leitura deve usar GET. A alteração parcial de um único campo deve usar PATCH com JSON no corpo. Sucesso pode ser 200 ou 204, e recurso inexistente deve retornar 404.",,,
